<?xml version="1.0" encoding="UTF-8" standalone="yes"?>
<addon id="kodivins" name="kodivins.github.io" version="63" provider-name="BashBBQ">
    <extension point="xbmc.addon.repository" name="Example Repository">
        <dir>
            <info compressed="false">https://raw.githubusercontent.com/BashBBQ/kodivins.github.io/master/repo/zips/addons.xml</info>
            <checksum>https://raw.githubusercontent.com/BashBBQ/kodivins.github.io/master/repo/zips/addons.xml.md5</checksum>
            <datadir zip="true">https://raw.githubusercontent.com/BashBBQ/kodivins.github.io/master/repo/zips/</datadir>
        </dir>
    </extension>
    <extension point="xbmc.addon.metadata">
        <summary>kodivins.github.io</summary>
        <description>Just another repo compilation</description>
        <disclaimer></disclaimer>
        <platform>all</platform>
        <assets>
            <icon>icon.png</icon>
            <fanart>fanart.jpg</fanart>
        </assets>
    </extension>
</addon>
